{
  "blend_alpha": 0.44999999999999996,
  "blend_scale": 0.92,
  "blend_bias_kwh": -5.004886627197266,
  "tier_edges": [
    0.0,
    92.86036682128906,
    149.19329833984375,
    Infinity
  ],
  "tier_biases": [
    0.014781951904296875,
    0.5709915161132812,
    -0.7568206787109375
  ]
}