{
  "blend_alpha": 0.75,
  "blend_scale": 1.0150000000000001,
  "blend_bias_kwh": -6.425666809082031,
  "tier_edges": [
    0.0,
    92.86036682128906,
    149.19329833984375,
    Infinity
  ],
  "tier_biases": [
    0.021989822387695312,
    -0.45475006103515625,
    0.12479400634765625
  ]
}