feature,importance
monthly_kwh,7.3614095687866214
energy_intensity,2.5627885818481446
lag_1,1.8902307510375977
lag_3,0.971774673461914
ac_fraction,0.5491113662719727
ac_usage,0.5034461975097656
month,0.3165922164916992
lag_2,0.00793609619140625
wfh_impact,-0.021583366394042968
