feature,importance
monthly_kwh,26.07154998779297
energy_intensity,2.6791526794433596
month_sin,1.0467330932617187
month_cos,0.8548568725585938
wfh_impact,0.057768630981445315
ac_usage,-0.0022562026977539064
