feature,importance
monthly_kwh,2.7778142929077148
energy_intensity,1.0075450897216798
lag_3,0.39446258544921875
month,0.2948610305786133
lag_1,0.22615318298339843
ac_usage,0.029819679260253907
ac_fraction,0.027996063232421875
wfh_impact,0.008003997802734374
lag_2,-0.09857368469238281
