feature,group,delta_mae,priority_score,priority_pct,rank
monthly_kwh,time,5.496992429097493,5.496992429097493,79.05712732359632,1
energy_intensity,behavior,1.167593002319336,1.167593002319336,16.792191336827965,2
ac_usage,behavior,0.12404823303222656,0.12404823303222656,1.7840477460337338,3
lag_3,time,0.0703584353129069,0.0703584353129069,1.0118871092814534,4
ac_fraction,behavior,0.044570541381835936,0.044570541381835936,0.6410085169944353,5
lag_1,time,0.032867113749186196,0.032867113749186196,0.47269113609733376,6
wfh_impact,behavior,0.01676044464111328,0.01676044464111328,0.24104683116875364,7
lag_2,time,-0.009295781453450521,0.0,0.0,8
month,time,-0.010092894236246744,0.0,0.0,9
