{
  "time_features": [
    "monthly_kwh",
    "month",
    "lag_1",
    "lag_2",
    "lag_3"
  ],
  "behavior_features": [
    "ac_usage",
    "wfh_impact",
    "energy_intensity",
    "ac_fraction"
  ],
  "seq_len": 6,
  "n_time_features": 5,
  "n_behavior_features": 4,
  "calibration": {
    "blend_alpha": 0.75,
    "blend_scale": 1.0150000000000001,
    "blend_bias_kwh": -6.425666809082031,
    "tier_edges": [
      0.0,
      92.86036682128906,
      149.19329833984375,
      Infinity
    ],
    "tier_biases": [
      0.021989822387695312,
      -0.45475006103515625,
      0.12479400634765625
    ]
  },
  "metrics": {
    "mae_kwh": 12.47,
    "rmse_kwh": 20.4,
    "wmape_pct": 12.1,
    "r2": 0.8713
  }
}